Metric,Value
Mean,8.341428571428573
Median,8.42
Mode,7.15
Std Dev,0.817949672453426
Variance,0.6690416666666668
Min,6.27
Max,9.81
Range,3.540000000000001
Q1 (25%),7.81
Q2 (50%),8.42
Q3 (75%),9.0
IQR,1.1900000000000004
Skewness,-0.44853085759274347
Kurtosis,-0.40102895384808335
