"Metric","Value"
"Mean",8.34142857142857
"Median",8.42
"Mode",7.15
"Std Dev",0.817949672453426
"Variance",0.669041666666667
"Min",6.27
"Max",9.81
"Range",3.54
"Q1",7.81
"Q3",9
"IQR",1.19
"Skewness",-0.448530857592737
"Kurtosis",2.59897104615191
"Shapiro-Wilk p",0.346584075551037
"t-test p",0.0052896799049719
